label	layer	phase	bucket	count	mean_cos	mean_rel_l2	mean_rms_delta	mean_mean_abs_delta	mean_max_abs_delta	mean_router_top1_match	mean_router_topk_jaccard	mean_router_margin_delta
base_k100	0	attention_output	0-64	128	0.997900233	0.063005749	-0.006057479	-0.002941467	-0.298339844	nan	nan	nan
base_k100	0	attention_output	1024-1000000000	98	0.998243803	0.057925072	-0.002299253	-0.000953393	-0.109693878	nan	nan	nan
base_k100	0	attention_output	256-512	8	0.998201415	0.058275212	-0.014617473	-0.008007169	-0.562500000	nan	nan	nan
base_k100	0	attention_output	512-768	8	0.998070896	0.060349098	-0.011194438	-0.004746631	-0.640625000	nan	nan	nan
base_k100	0	attention_output	64-256	6	0.998268396	0.057732403	-0.006003777	-0.000047763	-0.750000000	nan	nan	nan
base_k100	0	attention_output	768-1024	8	0.998077221	0.061060125	-0.003233060	-0.001909465	+0.093750000	nan	nan	nan
base_k100	0	attention_output	all	256	0.998060661	0.060645558	-0.004957291	-0.002295051	-0.243408203	nan	nan	nan
base_k100	0	input	0-64	128	1.000000474	0.000000000	+0.000000000	+0.000000000	+0.000000000	nan	nan	nan
base_k100	0	input	1024-1000000000	98	1.000000443	0.000000000	+0.000000000	+0.000000000	+0.000000000	nan	nan	nan
base_k100	0	input	256-512	8	1.000000462	0.000000000	+0.000000000	+0.000000000	+0.000000000	nan	nan	nan
base_k100	0	input	512-768	8	1.000000387	0.000000000	+0.000000000	+0.000000000	+0.000000000	nan	nan	nan
base_k100	0	input	64-256	6	1.000000417	0.000000000	+0.000000000	+0.000000000	+0.000000000	nan	nan	nan
base_k100	0	input	768-1024	8	1.000000566	0.000000000	+0.000000000	+0.000000000	+0.000000000	nan	nan	nan
base_k100	0	input	all	256	1.000000461	0.000000000	+0.000000000	+0.000000000	+0.000000000	nan	nan	nan
base_k100	0	mlp_output	0-64	128	0.999421117	0.035413803	+0.054054391	+0.048098376	+0.059570312	nan	nan	nan
base_k100	0	mlp_output	1024-1000000000	98	0.999513452	0.033745825	+0.034888350	+0.019633069	+0.186224490	nan	nan	nan
base_k100	0	mlp_output	256-512	8	0.999561571	0.032102577	+0.144380569	+0.071523607	+0.812500000	nan	nan	nan
base_k100	0	mlp_output	512-768	8	0.999354802	0.039202881	+0.166422248	+0.081437767	+0.875000000	nan	nan	nan
base_k100	0	mlp_output	64-256	6	0.999635329	0.040756086	+0.362287601	+0.212481817	+2.125000000	nan	nan	nan
base_k100	0	mlp_output	768-1024	8	0.999380328	0.031547512	-0.003517151	+0.050896645	-0.031250000	nan	nan	nan
base_k100	0	mlp_output	all	256	0.999462527	0.034794601	+0.058476685	+0.042915578	+0.202636719	nan	nan	nan
base_k100	0	moe_output	0-64	128	0.989237380	0.092079363	-0.001239897	-0.001049546	-0.001075745	nan	nan	nan
base_k100	0	moe_output	1024-1000000000	98	0.996053541	0.076006112	-0.000544282	-0.000411537	-0.006377551	nan	nan	nan
base_k100	0	moe_output	256-512	8	0.998499252	0.063237744	-0.001269707	-0.000952527	-0.009765625	nan	nan	nan
base_k100	0	moe_output	512-768	8	0.992753290	0.092368991	+0.000996526	+0.000733520	+0.008544922	nan	nan	nan
base_k100	0	moe_output	64-256	6	0.997599363	0.073938856	-0.001057070	-0.000712545	-0.011067708	nan	nan	nan
base_k100	0	moe_output	768-1024	8	0.992694817	0.112953099	-0.001658109	-0.001163940	-0.028564453	nan	nan	nan
base_k100	0	moe_output	all	256	0.992550026	0.085261208	-0.000913434	-0.000742232	-0.004169464	nan	nan	nan
base_k100	0	output	0-64	128	0.998885014	0.039443400	-0.001275231	-0.000556821	-0.015625000	nan	nan	nan
base_k100	0	output	1024-1000000000	98	0.999290758	0.034776580	+0.000338569	-0.000115626	-0.024234694	nan	nan	nan
base_k100	0	output	256-512	8	0.999457046	0.031588478	-0.003717318	-0.000123877	-0.500000000	nan	nan	nan
base_k100	0	output	512-768	8	0.998926088	0.040561880	-0.001278475	+0.000160255	-0.218750000	nan	nan	nan
base_k100	0	output	64-256	6	0.999553492	0.029780946	-0.006493350	+0.000424291	-0.416666667	nan	nan	nan
base_k100	0	output	768-1024	8	0.999038115	0.040054716	+0.000647277	+0.000141330	-0.093750000	nan	nan	nan
base_k100	0	output	all	256	0.999079949	0.037239009	-0.000796086	-0.000307176	-0.052246094	nan	nan	nan
base_k100	0	router_logits	0-64	128	0.999676529	0.025160727	+0.002799752	+0.003794128	-0.006713867	0.960937500	0.959375000	-0.004394531
base_k100	0	router_logits	1024-1000000000	98	0.999777304	0.021405600	-0.001174612	-0.000535255	-0.015625000	0.959183673	0.942857143	-0.011957908
base_k100	0	router_logits	256-512	8	0.999791861	0.020457950	-0.001621976	-0.001302123	+0.003906250	1.000000000	1.000000000	+0.035156250
base_k100	0	router_logits	512-768	8	0.999763355	0.021579571	+0.006674483	+0.007710695	-0.015625000	0.875000000	1.000000000	-0.001953125
base_k100	0	router_logits	64-256	6	0.999765158	0.021515466	+0.001649519	+0.000507911	-0.005208333	1.000000000	0.933333333	-0.031250000
base_k100	0	router_logits	768-1024	8	0.999733903	0.023421437	+0.000280857	+0.001627505	+0.019531250	1.000000000	1.000000000	+0.003906250
base_k100	0	router_logits	all	256	0.999725295	0.023324556	+0.001155548	+0.001955193	-0.009216309	0.960937500	0.956250000	-0.006347656
base_k100	4	attention_output	0-64	128	0.991739470	0.121779103	-0.023061231	-0.010126011	-0.565917969	nan	nan	nan
base_k100	4	attention_output	1024-1000000000	98	0.995277804	0.096518017	-0.009923221	-0.006663395	-0.095025510	nan	nan	nan
base_k100	4	attention_output	256-512	8	0.992842950	0.115527323	-0.014633134	-0.002544537	-0.203125000	nan	nan	nan
base_k100	4	attention_output	512-768	8	0.994559623	0.104574917	-0.013412386	-0.002674736	-0.375000000	nan	nan	nan
base_k100	4	attention_output	64-256	6	0.988839189	0.148973052	-0.043076634	-0.029351334	-1.010416667	nan	nan	nan
base_k100	4	attention_output	768-1024	8	0.993077964	0.114036293	-0.004732326	+0.006312139	-0.343750000	nan	nan	nan
base_k100	4	attention_output	all	256	0.993190454	0.111771240	-0.017363265	-0.008267607	-0.371826172	nan	nan	nan
base_k100	4	input	0-64	128	0.997082302	0.062119355	+0.005089732	+0.001004790	+0.138671875	nan	nan	nan
base_k100	4	input	1024-1000000000	98	0.999017662	0.042435413	-0.002759317	-0.001212809	-0.011479592	nan	nan	nan
base_k100	4	input	256-512	8	0.998618647	0.049090669	+0.006292529	+0.001504809	-0.171875000	nan	nan	nan
base_k100	4	input	512-768	8	0.998963244	0.043815503	+0.006290719	+0.001844328	+0.015625000	nan	nan	nan
base_k100	4	input	64-256	6	0.997838716	0.063716838	-0.004729827	-0.004028283	+0.020833333	nan	nan	nan
base_k100	4	input	768-1024	8	0.998892479	0.046960113	+0.004466280	+0.000600368	-0.078125000	nan	nan	nan
base_k100	4	input	all	256	0.998004269	0.053168669	+0.001910508	+0.000067126	+0.058105469	nan	nan	nan
base_k100	4	mlp_output	0-64	128	0.994606173	0.086483153	+0.000186014	+0.001118892	-0.021728516	nan	nan	nan
base_k100	4	mlp_output	1024-1000000000	98	0.998402023	0.056886568	+0.001056803	+0.000821055	+0.017219388	nan	nan	nan
base_k100	4	mlp_output	256-512	8	0.996449664	0.077869943	+0.004429743	+0.001759555	+0.152343750	nan	nan	nan
base_k100	4	mlp_output	512-768	8	0.998037063	0.067395274	+0.013296686	+0.002934314	+0.210937500	nan	nan	nan
base_k100	4	mlp_output	64-256	6	0.997913669	0.078327080	+0.051819980	+0.016272555	+0.713541667	nan	nan	nan
base_k100	4	mlp_output	768-1024	8	0.996499732	0.079797120	+0.008949600	+0.006388694	+0.070312500	nan	nan	nan
base_k100	4	mlp_output	all	256	0.996360789	0.073887455	+0.002545721	+0.001601474	+0.026000977	nan	nan	nan
base_k100	4	moe_output	0-64	128	0.984622550	0.150142374	-0.000537338	-0.000506439	-0.005203247	nan	nan	nan
base_k100	4	moe_output	1024-1000000000	98	0.987789420	0.123772314	-0.001309439	-0.001149053	-0.004556461	nan	nan	nan
base_k100	4	moe_output	256-512	8	0.989193887	0.150884717	+0.000394161	+0.000193097	+0.001892090	nan	nan	nan
base_k100	4	moe_output	512-768	8	0.975428268	0.187683854	+0.002313256	+0.002235060	+0.001159668	nan	nan	nan
base_k100	4	moe_output	64-256	6	0.992734561	0.154308215	+0.009407262	+0.007813397	+0.013997396	nan	nan	nan
base_k100	4	moe_output	768-1024	8	0.993784860	0.158597571	+0.001404430	+0.000278116	+0.039489746	nan	nan	nan
base_k100	4	moe_output	all	256	0.986166848	0.141605817	-0.000420960	-0.000425394	-0.002688408	nan	nan	nan
base_k100	4	output	0-64	128	0.996187850	0.071178035	+0.001865156	+0.001094133	+0.065429688	nan	nan	nan
base_k100	4	output	1024-1000000000	98	0.998437993	0.051511597	-0.006092086	-0.001973859	-0.156887755	nan	nan	nan
base_k100	4	output	256-512	8	0.998108894	0.058795795	+0.005812898	+0.001089830	-0.234375000	nan	nan	nan
base_k100	4	output	512-768	8	0.997093193	0.065845169	+0.010200739	+0.006140053	-0.312500000	nan	nan	nan
base_k100	4	output	64-256	6	0.997672041	0.069914791	+0.002597054	+0.001992693	+0.187500000	nan	nan	nan
base_k100	4	output	768-1024	8	0.998223253	0.057199590	-0.002833709	-0.001046844	+0.125000000	nan	nan	nan
base_k100	4	output	all	256	0.997235950	0.062629446	-0.000926808	+0.000031372	-0.036132812	nan	nan	nan
base_k100	4	router_logits	0-64	128	0.999385517	0.031043524	-0.013313383	-0.016676642	-0.017456055	0.867187500	0.926562500	-0.010620117
base_k100	4	router_logits	1024-1000000000	98	0.999776614	0.021178546	+0.000220571	+0.000469247	-0.007971939	0.948979592	0.927891156	-0.006377551
base_k100	4	router_logits	256-512	8	0.999694318	0.024605799	-0.004700392	-0.009986043	+0.029296875	0.875000000	0.950000000	-0.001953125
base_k100	4	router_logits	512-768	8	0.999606512	0.025235346	+0.002851143	+0.003619432	-0.035156250	1.000000000	1.000000000	-0.017578125
base_k100	4	router_logits	64-256	6	0.999450882	0.031287960	-0.006788592	-0.008458614	+0.023437500	0.833333333	1.000000000	+0.033854167
base_k100	4	router_logits	768-1024	8	0.999721661	0.023525589	-0.018197864	-0.017517298	-0.050781250	0.875000000	0.950000000	-0.019531250
base_k100	4	router_logits	all	256	0.999563826	0.026655196	-0.007357834	-0.009103308	-0.013000488	0.902343750	0.932552083	-0.008178711
base_k100	8	attention_output	0-64	128	0.971564833	0.224487283	+0.030837738	+0.024617735	+0.312500000	nan	nan	nan
base_k100	8	attention_output	1024-1000000000	98	0.988060803	0.150532379	-0.006357808	-0.002350583	-0.169005102	nan	nan	nan
base_k100	8	attention_output	256-512	8	0.985185549	0.162988347	-0.003055602	-0.003455777	-0.195312500	nan	nan	nan
base_k100	8	attention_output	512-768	8	0.987492211	0.154353145	-0.011253715	-0.004189264	-0.320312500	nan	nan	nan
base_k100	8	attention_output	64-256	6	0.978370488	0.198245530	+0.008611937	+0.007120719	+0.510416667	nan	nan	nan
base_k100	8	attention_output	768-1024	8	0.973788179	0.228314234	+0.033349052	+0.016817816	+0.734375000	nan	nan	nan
base_k100	8	attention_output	all	256	0.979032061	0.191567439	+0.013781855	+0.011862576	+0.110351562	nan	nan	nan
base_k100	8	input	0-64	128	0.990116026	0.113758528	+0.000421857	+0.000232361	+0.091796875	nan	nan	nan
base_k100	8	input	1024-1000000000	98	0.996805619	0.074449709	-0.001681396	-0.000714959	+0.003826531	nan	nan	nan
base_k100	8	input	256-512	8	0.994720899	0.093410158	-0.001479387	+0.000324141	+0.093750000	nan	nan	nan
base_k100	8	input	512-768	8	0.995023526	0.095856081	+0.010039374	+0.000980020	+0.140625000	nan	nan	nan
base_k100	8	input	64-256	6	0.993860642	0.100564669	+0.027379195	+0.009336879	-0.062500000	nan	nan	nan
base_k100	8	input	768-1024	8	0.989705138	0.126711743	+0.001706317	+0.003048241	-0.125000000	nan	nan	nan
base_k100	8	input	all	256	0.993049072	0.097610840	+0.000529791	+0.000197331	+0.049316406	nan	nan	nan
base_k100	8	mlp_output	0-64	128	0.965571944	0.207070783	-0.019280852	-0.012658969	-0.284667969	nan	nan	nan
base_k100	8	mlp_output	1024-1000000000	98	0.980754232	0.141480619	-0.007778506	-0.006581534	-0.322066327	nan	nan	nan
base_k100	8	mlp_output	256-512	8	0.989877410	0.129957806	+0.001275234	-0.010904521	+0.335937500	nan	nan	nan
base_k100	8	mlp_output	512-768	8	0.990010716	0.133827658	-0.007098593	-0.005768348	+0.015625000	nan	nan	nan
base_k100	8	mlp_output	64-256	6	0.963994553	0.204015608	-0.033563465	-0.037275871	-0.057291667	nan	nan	nan
base_k100	8	mlp_output	768-1024	8	0.972534701	0.257231957	+0.077729505	+0.037154324	+1.304687500	nan	nan	nan
base_k100	8	mlp_output	all	256	0.973087787	0.178759351	-0.011157712	-0.009082586	-0.215209961	nan	nan	nan
base_k100	8	moe_output	0-64	128	0.962937636	0.234805731	+0.000990375	+0.000951739	+0.012542725	nan	nan	nan
base_k100	8	moe_output	1024-1000000000	98	0.980066962	0.176302671	-0.001253164	+0.000297877	-0.053172832	nan	nan	nan
base_k100	8	moe_output	256-512	8	0.984239846	0.157542832	-0.001716264	-0.001272650	-0.036621094	nan	nan	nan
base_k100	8	moe_output	512-768	8	0.982214853	0.186059847	+0.002405524	+0.003446677	-0.051269531	nan	nan	nan
base_k100	8	moe_output	64-256	6	0.982808342	0.166164265	+0.001728731	+0.000904487	+0.033854167	nan	nan	nan
base_k100	8	moe_output	768-1024	8	0.955388293	0.291179777	+0.002557353	+0.001458415	+0.011718750	nan	nan	nan
base_k100	8	moe_output	all	256	0.970992866	0.208625158	+0.000157435	+0.000724613	-0.015670776	nan	nan	nan
base_k100	8	output	0-64	128	0.984740007	0.140795153	+0.006046907	+0.001803952	+0.317382812	nan	nan	nan
base_k100	8	output	1024-1000000000	98	0.991252624	0.096952601	-0.004829628	-0.001219717	-0.059948980	nan	nan	nan
base_k100	8	output	256-512	8	0.993850298	0.100184928	-0.010794759	-0.003569461	-0.421875000	nan	nan	nan
base_k100	8	output	512-768	8	0.994686663	0.098977391	+0.009873450	+0.000874281	+0.312500000	nan	nan	nan
base_k100	8	output	64-256	6	0.991544346	0.114326731	+0.024209996	+0.012183030	+0.458333333	nan	nan	nan
base_k100	8	output	768-1024	8	0.989078425	0.134898336	-0.004021019	+0.004627746	-0.093750000	nan	nan	nan
base_k100	8	output	all	256	0.988123700	0.120631172	+0.001587586	+0.000780985	+0.140136719	nan	nan	nan
base_k100	8	router_logits	0-64	128	0.996059213	0.062496320	-0.003946423	-0.005114630	-0.007568359	0.875000000	0.844791667	-0.000488281
base_k100	8	router_logits	1024-1000000000	98	0.999055864	0.037281513	+0.005505384	+0.004955024	+0.010044643	0.928571429	0.874829932	-0.000318878
base_k100	8	router_logits	256-512	8	0.999247774	0.037711597	-0.001600564	-0.000102282	-0.023437500	1.000000000	0.900000000	-0.039062500
base_k100	8	router_logits	512-768	8	0.999040999	0.043607887	-0.019452453	-0.020078182	-0.035156250	0.625000000	1.000000000	-0.035156250
base_k100	8	router_logits	64-256	6	0.998766760	0.046306635	+0.009709597	+0.006896973	+0.023437500	0.666666667	0.822222222	-0.007812500
base_k100	8	router_logits	768-1024	8	0.996592268	0.075985401	-0.028149754	-0.032880306	-0.039062500	0.875000000	0.716666667	+0.023437500
base_k100	8	router_logits	all	256	0.997479308	0.051521078	-0.001175699	-0.002156971	-0.002441406	0.886718750	0.858333333	-0.002136230
base_k100	12	attention_output	0-64	128	0.919213947	0.356996631	-0.016241343	-0.000052328	-0.218505859	nan	nan	nan
base_k100	12	attention_output	1024-1000000000	98	0.952211415	0.266152102	-0.001848613	-0.000084617	-0.041454082	nan	nan	nan
base_k100	12	attention_output	256-512	8	0.961832330	0.240341592	-0.012506090	-0.004745480	-0.082031250	nan	nan	nan
base_k100	12	attention_output	512-768	8	0.967603937	0.242765738	-0.009860732	-0.003242157	-0.191406250	nan	nan	nan
base_k100	12	attention_output	64-256	6	0.896818519	0.392380501	-0.012268583	-0.000370115	+0.307291667	nan	nan	nan
base_k100	12	attention_output	768-1024	8	0.917717963	0.381640116	-0.036609761	-0.012726087	-0.472656250	nan	nan	nan
base_k100	12	attention_output	all	256	0.934118159	0.316604443	-0.010958907	-0.000714535	-0.141235352	nan	nan	nan
base_k100	12	input	0-64	128	0.978113849	0.175556374	+0.007719596	+0.004910514	+0.087890625	nan	nan	nan
base_k100	12	input	1024-1000000000	98	0.981392498	0.129760735	-0.017143663	-0.008716563	-0.364795918	nan	nan	nan
base_k100	12	input	256-512	8	0.989061661	0.124386103	+0.009262800	-0.002469450	+1.312500000	nan	nan	nan
base_k100	12	input	512-768	8	0.994040914	0.103021603	-0.006683677	+0.002030954	-0.187500000	nan	nan	nan
base_k100	12	input	64-256	6	0.975168417	0.184210574	+0.004663308	+0.010429353	-0.541666667	nan	nan	nan
base_k100	12	input	768-1024	8	0.980043724	0.182844867	-0.004157901	+0.002458744	+0.187500000	nan	nan	nan
base_k100	12	input	all	256	0.980200072	0.154590047	-0.002643051	-0.000573982	-0.067382812	nan	nan	nan
base_k100	12	mlp_output	0-64	128	0.960808836	0.259436869	-0.001676280	-0.001319402	-0.024887085	nan	nan	nan
base_k100	12	mlp_output	1024-1000000000	98	0.960754477	0.202782561	-0.004768234	-0.001442514	-0.046117666	nan	nan	nan
base_k100	12	mlp_output	256-512	8	0.979335450	0.172182697	+0.001368244	+0.000712124	+0.020019531	nan	nan	nan
base_k100	12	mlp_output	512-768	8	0.984568484	0.173463471	-0.000947854	-0.000152305	-0.000488281	nan	nan	nan
base_k100	12	mlp_output	64-256	6	0.942513516	0.302023589	+0.003948652	+0.001268428	+0.074218750	nan	nan	nan
base_k100	12	mlp_output	768-1024	8	0.949875772	0.305730083	+0.004295263	+0.002525101	+0.023437500	nan	nan	nan
base_k100	12	mlp_output	all	256	0.961339017	0.234780319	-0.002423569	-0.001085781	-0.027015686	nan	nan	nan
base_k100	12	moe_output	0-64	128	0.876203669	0.493851579	+0.002895679	+0.001808057	+0.070526123	nan	nan	nan
base_k100	12	moe_output	1024-1000000000	98	0.923217448	0.340464685	-0.000399312	-0.000112460	-0.001674107	nan	nan	nan
base_k100	12	moe_output	256-512	8	0.940785721	0.324258002	-0.000423454	-0.000186643	-0.034179688	nan	nan	nan
base_k100	12	moe_output	512-768	8	0.948836342	0.312611706	+0.000438839	+0.000567701	-0.012207031	nan	nan	nan
base_k100	12	moe_output	64-256	6	0.871951044	0.436150218	-0.001530091	-0.001044937	-0.005533854	nan	nan	nan
base_k100	12	moe_output	768-1024	8	0.878340706	0.488237363	+0.001324910	+0.001461550	-0.007080078	nan	nan	nan
base_k100	12	moe_output	all	256	0.898456203	0.422641794	+0.001301001	+0.000894068	+0.032821655	nan	nan	nan
base_k100	12	output	0-64	128	0.976032827	0.185363532	+0.009340547	+0.002832132	+0.130859375	nan	nan	nan
base_k100	12	output	1024-1000000000	98	0.980996950	0.137424464	-0.017550135	-0.007873292	-0.270408163	nan	nan	nan
base_k100	12	output	256-512	8	0.990873560	0.123255080	+0.011552542	+0.002353042	+0.750000000	nan	nan	nan
base_k100	12	output	512-768	8	0.993568271	0.110368249	+0.008201480	+0.000453793	+0.875000000	nan	nan	nan
base_k100	12	output	64-256	6	0.975376775	0.194502309	+0.021104296	+0.018586487	-0.083333333	nan	nan	nan
base_k100	12	output	768-1024	8	0.980859749	0.182849019	-0.007815659	-0.000815012	+0.187500000	nan	nan	nan
base_k100	12	output	all	256	0.979080376	0.162862977	-0.001180432	-0.001100063	+0.016601562	nan	nan	nan
base_k100	12	router_logits	0-64	128	0.992920138	0.082298232	-0.003613900	-0.007081797	+0.030517578	0.804687500	0.780282738	-0.000427246
base_k100	12	router_logits	1024-1000000000	98	0.981307784	0.093378342	+0.018167287	+0.017180949	+0.046875000	0.816326531	0.771137026	+0.005500638
base_k100	12	router_logits	256-512	8	0.998557329	0.048720010	-0.015227571	-0.019932747	-0.050781250	0.875000000	0.692857143	-0.058593750
base_k100	12	router_logits	512-768	8	0.998667307	0.049834769	+0.010408923	+0.008782864	-0.011718750	1.000000000	0.683333333	-0.062500000
base_k100	12	router_logits	64-256	6	0.996647457	0.068971963	+0.006431441	-0.005048116	+0.132812500	0.500000000	0.800000000	+0.000000000
base_k100	12	router_logits	768-1024	8	0.995651804	0.086399967	+0.015660211	+0.015294552	+0.021484375	0.750000000	0.700000000	-0.003906250
base_k100	12	router_logits	all	256	0.989003268	0.084291879	+0.005637250	+0.003047389	+0.035034180	0.808593750	0.768973214	-0.002014160
base_k100	16	attention_output	0-64	128	0.922028677	0.360090178	-0.049202147	-0.017108754	-0.741699219	nan	nan	nan
base_k100	16	attention_output	1024-1000000000	98	0.962387769	0.261228250	-0.015941464	-0.007614027	-0.065369898	nan	nan	nan
base_k100	16	attention_output	256-512	8	0.978253148	0.201413537	-0.021223888	-0.015929785	+0.445312500	nan	nan	nan
base_k100	16	attention_output	512-768	8	0.966863312	0.260603126	-0.025562502	-0.009508312	+0.015625000	nan	nan	nan
base_k100	16	attention_output	64-256	6	0.926013629	0.360825837	-0.045797765	-0.011248688	-0.984375000	nan	nan	nan
base_k100	16	attention_output	768-1024	8	0.950356439	0.342206684	+0.003854662	+0.013984233	+1.015625000	nan	nan	nan
base_k100	16	attention_output	all	256	0.941615379	0.313635364	-0.033118667	-0.012090696	-0.372802734	nan	nan	nan
base_k100	16	input	0-64	128	0.950831936	0.246118169	+0.020168204	+0.018366651	+0.218261719	nan	nan	nan
base_k100	16	input	1024-1000000000	98	0.977495206	0.167405773	-0.027523974	-0.008609106	-0.928571429	nan	nan	nan
base_k100	16	input	256-512	8	0.989952095	0.129224835	+0.014652669	+0.003968272	+0.812500000	nan	nan	nan
base_k100	16	input	512-768	8	0.985094890	0.153624837	-0.012220725	+0.000446185	-0.562500000	nan	nan	nan
base_k100	16	input	64-256	6	0.965166400	0.222388972	-0.000619849	+0.020034999	-0.416666667	nan	nan	nan
base_k100	16	input	768-1024	8	0.970218733	0.231118841	-0.028124973	-0.004633203	-1.187500000	nan	nan	nan
base_k100	16	input	all	256	0.964273993	0.208417865	-0.001269854	+0.006350387	-0.285400391	nan	nan	nan
base_k100	16	mlp_output	0-64	128	0.949815394	0.316333957	+0.000589261	+0.000416320	+0.010574341	nan	nan	nan
base_k100	16	mlp_output	1024-1000000000	98	0.970312190	0.221588326	-0.000174494	-0.000027025	-0.001574458	nan	nan	nan
base_k100	16	mlp_output	256-512	8	0.984948836	0.162663697	+0.000483044	-0.000004378	+0.008789062	nan	nan	nan
base_k100	16	mlp_output	512-768	8	0.975412875	0.229723169	+0.000434962	+0.000067389	+0.002197266	nan	nan	nan
base_k100	16	mlp_output	64-256	6	0.955675970	0.314028156	+0.002600126	+0.000791317	+0.044921875	nan	nan	nan
base_k100	16	mlp_output	768-1024	8	0.940494731	0.328793184	+0.000860546	+0.000276519	+0.020019531	nan	nan	nan
base_k100	16	mlp_output	all	256	0.959405752	0.272890671	+0.000344352	+0.000226971	+0.006706238	nan	nan	nan
base_k100	16	moe_output	0-64	128	0.842601615	0.559304626	+0.002636977	+0.002208446	+0.020431519	nan	nan	nan
base_k100	16	moe_output	1024-1000000000	98	0.914626430	0.372368571	+0.000491433	+0.000167018	+0.025231186	nan	nan	nan
base_k100	16	moe_output	256-512	8	0.944364078	0.296704140	-0.000224204	+0.000022552	-0.006347656	nan	nan	nan
base_k100	16	moe_output	512-768	8	0.916869372	0.368854638	-0.001321216	-0.001317543	+0.000488281	nan	nan	nan
base_k100	16	moe_output	64-256	6	0.804087684	0.486879081	-0.002396664	-0.001609447	-0.052734375	nan	nan	nan
base_k100	16	moe_output	768-1024	8	0.902658515	0.454289926	+0.002475586	+0.001272604	+0.067382812	nan	nan	nan
base_k100	16	moe_output	all	256	0.876648667	0.468606157	+0.001479511	+0.001129738	+0.020561218	nan	nan	nan
base_k100	16	output	0-64	128	0.954835873	0.242804495	+0.023206699	+0.017086834	+0.584960938	nan	nan	nan
base_k100	16	output	1024-1000000000	98	0.981494663	0.160951560	-0.019097152	-0.006303396	-0.625000000	nan	nan	nan
base_k100	16	output	256-512	8	0.989984460	0.136050091	+0.033545315	+0.004992709	+1.750000000	nan	nan	nan
base_k100	16	output	512-768	8	0.985478312	0.156938391	-0.017108843	-0.006053094	-0.500000000	nan	nan	nan
base_k100	16	output	64-256	6	0.962485294	0.241598204	-0.007711212	+0.018288915	-1.083333333	nan	nan	nan
base_k100	16	output	768-1024	8	0.977068298	0.212738675	-0.051174313	-0.006091874	-2.562500000	nan	nan	nan
base_k100	16	output	all	256	0.967971207	0.204482948	+0.003026432	+0.006335537	-0.013183594	nan	nan	nan
base_k100	16	router_logits	0-64	128	0.974666542	0.143024943	+0.012620598	+0.011045191	+0.035888672	0.609375000	0.647991071	-0.010986328
base_k100	16	router_logits	1024-1000000000	98	0.992916308	0.095764124	+0.009618620	+0.010760468	-0.015146684	0.775510204	0.777162293	-0.018335459
base_k100	16	router_logits	256-512	8	0.997340240	0.065080436	-0.035572290	-0.039888620	+0.027343750	0.750000000	0.816666667	-0.027343750
base_k100	16	router_logits	512-768	8	0.997298121	0.070117574	+0.011796936	+0.008212566	+0.001953125	0.750000000	0.675000000	-0.025390625
base_k100	16	router_logits	64-256	6	0.987543335	0.120878657	-0.035344640	-0.045997620	+0.098958333	0.833333333	0.700000000	+0.044270833
base_k100	16	router_logits	768-1024	8	0.994477347	0.110259692	+0.033222854	+0.035834789	+0.037109375	0.625000000	0.609523810	+0.033203125
base_k100	16	router_logits	all	256	0.983989458	0.118675822	+0.009459271	+0.008693729	+0.016540527	0.687500000	0.703571429	-0.012084961
base_k100	20	attention_output	0-64	128	0.948790141	0.302051670	-0.064845342	-0.008467911	-1.564941406	nan	nan	nan
base_k100	20	attention_output	1024-1000000000	98	0.966471126	0.232467421	-0.055109207	-0.011031915	-1.519132653	nan	nan	nan
base_k100	20	attention_output	256-512	8	0.982149757	0.196505220	-0.123033658	-0.025003131	-1.968750000	nan	nan	nan
base_k100	20	attention_output	512-768	8	0.965948686	0.238542592	-0.058944970	-0.031135648	-1.203125000	nan	nan	nan
base_k100	20	attention_output	64-256	6	0.939482709	0.355802497	+0.053439349	+0.018183192	+1.604166667	nan	nan	nan
base_k100	20	attention_output	768-1024	8	0.956072241	0.281885519	-0.074165776	-0.012136381	-2.437500000	nan	nan	nan
base_k100	20	attention_output	all	256	0.957146758	0.270760557	-0.060271192	-0.010164541	-1.501708984	nan	nan	nan
base_k100	20	input	0-64	128	0.905743005	0.372250627	+0.011775339	+0.010763150	+0.390625000	nan	nan	nan
base_k100	20	input	1024-1000000000	98	0.947890174	0.261919335	-0.028121511	-0.013077196	-0.732142857	nan	nan	nan
base_k100	20	input	256-512	8	0.965703376	0.224338397	-0.015350856	-0.007746562	-0.453125000	nan	nan	nan
base_k100	20	input	512-768	8	0.951473095	0.268749143	+0.001736835	-0.003696132	+0.875000000	nan	nan	nan
base_k100	20	input	64-256	6	0.911081225	0.368755459	+0.033435553	+0.013862376	+1.208333333	nan	nan	nan
base_k100	20	input	768-1024	8	0.895199269	0.427750944	+0.007184200	-0.008064739	+0.734375000	nan	nan	nan
base_k100	20	input	all	256	0.924975918	0.323810218	-0.004294882	+0.000090753	-0.020507812	nan	nan	nan
base_k100	20	mlp_output	0-64	128	0.912196166	0.372072844	+0.004230936	+0.002259712	+0.065673828	nan	nan	nan
base_k100	20	mlp_output	1024-1000000000	98	0.945371885	0.290826620	+0.011379583	+0.007672762	+0.127551020	nan	nan	nan
base_k100	20	mlp_output	256-512	8	0.973348595	0.207210090	+0.006977662	+0.006084524	+0.062500000	nan	nan	nan
base_k100	20	mlp_output	512-768	8	0.937288955	0.285548443	+0.006970305	+0.002800625	+0.000000000	nan	nan	nan
base_k100	20	mlp_output	64-256	6	0.908811748	0.380421463	+0.005432049	-0.001895286	+0.197916667	nan	nan	nan
base_k100	20	mlp_output	768-1024	8	0.925988749	0.360759033	-0.009153988	-0.012182204	+0.097656250	nan	nan	nan
base_k100	20	mlp_output	all	256	0.927943105	0.332957040	+0.006748840	+0.003919631	+0.091308594	nan	nan	nan
base_k100	20	moe_output	0-64	128	0.891365869	0.423022055	+0.001228621	+0.001303158	+0.000274658	nan	nan	nan
base_k100	20	moe_output	1024-1000000000	98	0.923527439	0.342852707	+0.000365194	+0.000514412	-0.003208705	nan	nan	nan
base_k100	20	moe_output	256-512	8	0.953584664	0.273067759	-0.000451469	+0.000667707	-0.064453125	nan	nan	nan
base_k100	20	moe_output	512-768	8	0.940316372	0.312475689	+0.000696404	-0.000359942	+0.060058594	nan	nan	nan
base_k100	20	moe_output	64-256	6	0.902454674	0.381948590	-0.003393698	-0.002677386	-0.039062500	nan	nan	nan
base_k100	20	moe_output	768-1024	8	0.872449532	0.490150750	+0.002404808	+0.001578150	+0.074218750	nan	nan	nan
base_k100	20	moe_output	all	256	0.906820519	0.385326693	+0.000757376	+0.000844686	+0.000175476	nan	nan	nan
base_k100	20	output	0-64	128	0.915365608	0.342290703	+0.010128448	+0.011051945	+0.545898438	nan	nan	nan
base_k100	20	output	1024-1000000000	98	0.955699411	0.240854345	-0.016167528	-0.008524548	-0.400510204	nan	nan	nan
base_k100	20	output	256-512	8	0.971232742	0.201770224	-0.009421341	-0.004468303	-0.156250000	nan	nan	nan
base_k100	20	output	512-768	8	0.958751187	0.238985723	-0.011679664	-0.000420410	-0.562500000	nan	nan	nan
base_k100	20	output	64-256	6	0.926451683	0.327190702	+0.009324441	+0.011054297	+0.291666667	nan	nan	nan
base_k100	20	output	768-1024	8	0.904399239	0.398767888	+0.017105222	-0.001067519	+0.812500000	nan	nan	nan
base_k100	20	output	all	256	0.933824670	0.297251057	-0.001031234	+0.002335622	+0.129394531	nan	nan	nan
base_k100	20	router_logits	0-64	128	0.969796868	0.133787500	+0.024231515	+0.025614303	+0.000000000	0.601562500	0.659747024	+0.004699707
base_k100	20	router_logits	1024-1000000000	98	0.992816761	0.106025913	+0.040538377	+0.044315511	+0.014349490	0.744897959	0.765014577	-0.033322704
base_k100	20	router_logits	256-512	8	0.997099519	0.064067800	+0.010745302	+0.009057999	+0.039062500	0.750000000	0.842857143	+0.001953125
base_k100	20	router_logits	512-768	8	0.996808521	0.075245959	-0.003142804	-0.001771927	-0.054687500	0.750000000	0.683333333	-0.041015625
base_k100	20	router_logits	64-256	6	0.994024187	0.096555839	-0.056152761	-0.060704549	-0.080729167	0.833333333	0.644444444	+0.072916667
base_k100	20	router_logits	768-1024	8	0.985157803	0.161703497	+0.061907262	+0.067469120	+0.074218750	0.625000000	0.602380952	+0.087890625
base_k100	20	router_logits	all	256	0.981354350	0.119151612	+0.028490455	+0.030685020	+0.005432129	0.671875000	0.704352679	-0.007171631
base_k100	24	attention_output	0-64	128	0.950554841	0.293485864	-0.068716792	-0.021780652	-1.549316406	nan	nan	nan
base_k100	24	attention_output	1024-1000000000	98	0.968998150	0.213593298	-0.005527794	-0.002703616	-0.291135204	nan	nan	nan
base_k100	24	attention_output	256-512	8	0.981600501	0.180226262	-0.026377611	-0.021747336	-0.390625000	nan	nan	nan
base_k100	24	attention_output	512-768	8	0.974821448	0.207918253	-0.078380212	-0.027559556	-1.375000000	nan	nan	nan
base_k100	24	attention_output	64-256	6	0.964436521	0.276024912	+0.052843054	+0.001161178	+0.781250000	nan	nan	nan
base_k100	24	attention_output	768-1024	8	0.967245579	0.270529664	-0.011727095	-0.026433609	+0.046875000	nan	nan	nan
base_k100	24	attention_output	all	256	0.960190616	0.255562018	-0.038876149	-0.014264980	-0.921508789	nan	nan	nan
base_k100	24	input	0-64	128	0.883445819	0.401738339	-0.014293410	-0.001924470	-1.175781250	nan	nan	nan
base_k100	24	input	1024-1000000000	98	0.913785134	0.330588863	-0.018383878	-0.004395797	-0.991071429	nan	nan	nan
base_k100	24	input	256-512	8	0.943799429	0.282768618	-0.005253926	-0.001152068	-0.437500000	nan	nan	nan
base_k100	24	input	512-768	8	0.928356089	0.317494915	-0.002238989	+0.002788097	-0.015625000	nan	nan	nan
base_k100	24	input	64-256	6	0.943230172	0.318411751	-0.003126631	-0.009732405	+0.625000000	nan	nan	nan
base_k100	24	input	768-1024	8	0.871785544	0.469891940	+0.037782930	+0.004345752	+2.828125000	nan	nan	nan
base_k100	24	input	all	256	0.899386396	0.368327853	-0.013311001	-0.002686174	-0.878417969	nan	nan	nan
base_k100	24	mlp_output	0-64	128	0.907756741	0.340668032	+0.007067284	+0.001635924	+0.272094727	nan	nan	nan
base_k100	24	mlp_output	1024-1000000000	98	0.931180345	0.301896346	+0.011978124	+0.020445033	-0.084821429	nan	nan	nan
base_k100	24	mlp_output	256-512	8	0.966010921	0.229961349	+0.018626839	-0.000329956	+0.421875000	nan	nan	nan
base_k100	24	mlp_output	512-768	8	0.956871197	0.276137749	+0.032840490	+0.006041609	+0.906250000	nan	nan	nan
base_k100	24	mlp_output	64-256	6	0.973566552	0.226070518	+0.025161147	-0.006812513	+0.937500000	nan	nan	nan
base_k100	24	mlp_output	768-1024	8	0.941475391	0.307082801	-0.014567733	-0.029322259	+0.234375000	nan	nan	nan
base_k100	24	mlp_output	all	256	0.922674984	0.316614173	+0.009861844	+0.007747077	+0.174377441	nan	nan	nan
base_k100	24	moe_output	0-64	128	0.885095732	0.443051572	-0.000316508	+0.000312812	-0.022521973	nan	nan	nan
base_k100	24	moe_output	1024-1000000000	98	0.906585204	0.379932850	+0.002026945	+0.001284371	+0.041075415	nan	nan	nan
base_k100	24	moe_output	256-512	8	0.938698255	0.315883632	+0.001936096	+0.001180729	+0.047119141	nan	nan	nan
base_k100	24	moe_output	512-768	8	0.939416729	0.310904621	-0.000326601	+0.000815676	-0.030273438	nan	nan	nan
base_k100	24	moe_output	64-256	6	0.943077892	0.334047102	+0.000389095	-0.001487747	+0.078125000	nan	nan	nan
base_k100	24	moe_output	768-1024	8	0.821659330	0.490672908	-0.000962950	-0.000433284	+0.005126953	nan	nan	nan
base_k100	24	moe_output	all	256	0.896071350	0.409718721	+0.000647010	+0.000662058	+0.006980896	nan	nan	nan
base_k100	24	output	0-64	128	0.875390103	0.420406445	-0.012613242	+0.000302693	-1.213867188	nan	nan	nan
base_k100	24	output	1024-1000000000	98	0.906000234	0.347854259	-0.010191814	-0.000837954	-0.658163265	nan	nan	nan
base_k100	24	output	256-512	8	0.939213917	0.287255548	-0.004509769	+0.000890143	-0.828125000	nan	nan	nan
base_k100	24	output	512-768	8	0.930305630	0.323001131	+0.015589766	+0.008983284	+0.640625000	nan	nan	nan
base_k100	24	output	64-256	6	0.941896141	0.323000909	-0.007511050	-0.013385812	+0.687500000	nan	nan	nan
base_k100	24	output	768-1024	8	0.857830781	0.483709207	+0.027260661	+0.007858984	+1.875000000	nan	nan	nan
base_k100	24	output	all	256	0.891828655	0.385122949	-0.009186069	+0.000070975	-0.790039062	nan	nan	nan
base_k100	24	router_logits	0-64	128	0.977312522	0.132535257	-0.005321102	-0.003874764	-0.076049805	0.679687500	0.652306548	-0.047363281
base_k100	24	router_logits	1024-1000000000	98	0.991348453	0.110663221	+0.036933577	+0.037027948	+0.033641582	0.714285714	0.724975705	+0.007653061
base_k100	24	router_logits	256-512	8	0.996603526	0.072815743	-0.022726730	-0.025098801	+0.056640625	0.750000000	0.742857143	+0.054687500
base_k100	24	router_logits	512-768	8	0.996247277	0.073225113	-0.006891996	-0.010638714	+0.023437500	0.875000000	0.916666667	-0.037109375
base_k100	24	router_logits	64-256	6	0.997264425	0.072851764	-0.061785499	-0.061640422	-0.046875000	0.833333333	0.688888889	-0.013020833
base_k100	24	router_logits	768-1024	8	0.982909404	0.144123769	-0.045925066	-0.047766685	-0.128906250	0.875000000	0.551190476	-0.187500000
base_k100	24	router_logits	all	256	0.984522732	0.119406001	+0.007669242	+0.008183176	-0.027770996	0.710937500	0.688913690	-0.026367188
base_k100	28	attention_output	0-64	128	0.949655124	0.291987965	-0.042328372	-0.013472449	-0.459106445	nan	nan	nan
base_k100	28	attention_output	1024-1000000000	98	0.951888887	0.250692748	+0.004917637	-0.003160669	+0.209901148	nan	nan	nan
base_k100	28	attention_output	256-512	8	0.970457084	0.211855005	-0.066591375	-0.018339831	-0.904296875	nan	nan	nan
base_k100	28	attention_output	512-768	8	0.957644358	0.217304341	-0.017628528	-0.009550553	-0.480468750	nan	nan	nan
base_k100	28	attention_output	64-256	6	0.970913609	0.253952426	+0.022837212	+0.008791909	+0.020833333	nan	nan	nan
base_k100	28	attention_output	768-1024	8	0.944913566	0.307125773	-0.000846472	-0.006459776	+0.193359375	nan	nan	nan
base_k100	28	attention_output	all	256	0.951760033	0.270923220	-0.021404730	-0.008813550	-0.185943604	nan	nan	nan
base_k100	28	input	0-64	128	0.878278545	0.433821553	-0.006174092	-0.001858314	-0.579833984	nan	nan	nan
base_k100	28	input	1024-1000000000	98	0.900899217	0.375724564	+0.011085224	+0.006002176	+0.644770408	nan	nan	nan
base_k100	28	input	256-512	8	0.943654694	0.296882543	+0.005764604	+0.004736457	-0.542968750	nan	nan	nan
base_k100	28	input	512-768	8	0.931006931	0.310875491	-0.009505056	-0.007018551	+0.394531250	nan	nan	nan
base_k100	28	input	64-256	6	0.941385110	0.329098675	-0.021968951	-0.022475690	+0.604166667	nan	nan	nan
base_k100	28	input	768-1024	8	0.884257875	0.432449077	-0.001358584	+0.003856156	-0.496093750	nan	nan	nan
base_k100	28	input	all	256	0.892294702	0.400962559	+0.000482274	+0.000890966	-0.049072266	nan	nan	nan
base_k100	28	mlp_output	0-64	128	0.973995757	0.213630395	-0.243380032	-0.113791995	-2.810546875	nan	nan	nan
base_k100	28	mlp_output	1024-1000000000	98	0.983921291	0.158525346	-0.285460204	-0.090850660	-4.665816327	nan	nan	nan
base_k100	28	mlp_output	256-512	8	0.990898751	0.129192731	-0.108269215	-0.153411388	-3.062500000	nan	nan	nan
base_k100	28	mlp_output	512-768	8	0.990773275	0.142489972	+0.242035747	+0.050360739	+3.718750000	nan	nan	nan
base_k100	28	mlp_output	64-256	6	0.984180917	0.181060386	-0.220311324	-0.094379346	-2.541666667	nan	nan	nan
base_k100	28	mlp_output	768-1024	8	0.989257693	0.148764815	-0.115611076	-0.024787843	-3.468750000	nan	nan	nan
base_k100	28	mlp_output	all	256	0.979563542	0.184883269	-0.235563939	-0.097881734	-3.338867188	nan	nan	nan
base_k100	28	moe_output	0-64	128	0.900819122	0.403308016	-0.000651307	-0.000260683	-0.012638092	nan	nan	nan
base_k100	28	moe_output	1024-1000000000	98	0.915565490	0.343403190	-0.001241735	-0.001035435	-0.007259447	nan	nan	nan
base_k100	28	moe_output	256-512	8	0.952295616	0.312190305	+0.001765754	+0.001263445	+0.017333984	nan	nan	nan
base_k100	28	moe_output	512-768	8	0.957385853	0.294122082	+0.000780611	+0.000720642	-0.005065918	nan	nan	nan
base_k100	28	moe_output	64-256	6	0.938629756	0.328968593	-0.000915535	-0.000766693	-0.005696615	nan	nan	nan
base_k100	28	moe_output	768-1024	8	0.916859820	0.372355804	-0.001706691	-0.001099023	-0.031250000	nan	nan	nan
base_k100	28	moe_output	all	256	0.911228025	0.371406624	-0.000796223	-0.000517030	-0.009824753	nan	nan	nan
base_k100	28	output	0-64	128	0.896082410	0.418936230	-0.001429857	-0.001131298	-0.057006836	nan	nan	nan
base_k100	28	output	1024-1000000000	98	0.921193180	0.347143417	-0.008750299	-0.006200729	-0.056760204	nan	nan	nan
base_k100	28	output	256-512	8	0.952714637	0.295435210	+0.011796147	+0.007641025	-0.140625000	nan	nan	nan
base_k100	28	output	512-768	8	0.948715076	0.296674932	-0.007415995	-0.004513226	+0.074218750	nan	nan	nan
base_k100	28	output	64-256	6	0.929369102	0.365917570	-0.016462157	-0.012953510	+0.239583333	nan	nan	nan
base_k100	28	output	768-1024	8	0.924941584	0.367242731	-0.020994149	-0.015787050	-0.507812500	nan	nan	nan
base_k100	28	output	all	256	0.910791661	0.380914924	-0.004969672	-0.003638565	-0.062561035	nan	nan	nan
base_k100	28	router_logits	0-64	128	0.976110989	0.206156715	+0.007908310	+0.011947779	-0.054077148	0.789062500	0.702976190	-0.032714844
base_k100	28	router_logits	1024-1000000000	98	0.975487378	0.181715319	+0.004622850	+0.006591652	-0.065369898	0.836734694	0.775704568	-0.070551658
base_k100	28	router_logits	256-512	8	0.981322639	0.188440329	+0.015739195	+0.008831412	+0.076171875	0.625000000	0.750000000	+0.021484375
base_k100	28	router_logits	512-768	8	0.986542962	0.138610870	+0.014014326	+0.010208070	+0.039062500	0.750000000	0.733333333	+0.125000000
base_k100	28	router_logits	64-256	6	0.989532053	0.157306246	-0.013287346	-0.014358997	-0.114583333	0.666666667	0.866666667	-0.218750000
base_k100	28	router_logits	768-1024	8	0.979883380	0.184483053	+0.018284187	+0.022561461	+0.054687500	0.625000000	0.683333333	+0.005859375
base_k100	28	router_logits	all	256	0.976793570	0.192313564	+0.006913596	+0.009460747	-0.049438477	0.792968750	0.736458333	-0.043731689
